Question,Answer
How do I transfer money into my notice-based savings account?,"Interest on notice-based accounts is usually paid monthly or annually, depending on the terms."
How often is interest paid on regular savings accounts?,Interest from regular accounts may be taxable depending on your total annual income.
Can I manage my easy access savings account online?,The interest rate for easy access accounts varies but currently ranges from 3% to 5% annually.
How do I transfer money into my ISA savings account?,"Yes, ISA accounts can be managed via online banking and our mobile app."
What happens if I miss a deposit in my senior citizen account?,"The minimum deposit for a senior citizen account is typically £100, but this can vary by product."
Can I withdraw money from my ISA savings account early?,Required documents for opening a ISA account include a government-issued ID and proof of address.
What documents are required to open a fixed deposit savings account?,Required documents for opening a fixed deposit account include a government-issued ID and proof of address.
What are the tax implications of a senior citizen account?,"Yes, senior citizen accounts can be managed via online banking and our mobile app."
What are the tax implications of a regular account?,"The minimum deposit for a regular account is typically £100, but this can vary by product."
What documents are required to open a tax-free savings account?,Interest from tax-free accounts may be taxable depending on your total annual income.
How can I open a notice-based savings account?,The interest rate for notice-based accounts varies but currently ranges from 3% to 5% annually.
Can I manage my ISA savings account online?,The interest rate for ISA accounts varies but currently ranges from 3% to 5% annually.
How do I transfer money into my notice-based savings account?,"Yes, notice-based accounts can be managed via online banking and our mobile app."
What are the tax implications of a regular account?,You can open a regular account online or by visiting a branch with valid ID and proof of address.
What documents are required to open a tax-free savings account?,"Yes, you can withdraw early, but it may incur penalties or loss of interest in tax-free accounts."
What happens if I miss a deposit in my monthly savings account?,"Yes, you can withdraw early, but it may incur penalties or loss of interest in monthly savings accounts."
What is the interest rate for monthly savings accounts?,Interest from monthly savings accounts may be taxable depending on your total annual income.
What is the interest rate for joint accounts?,Interest from joint accounts may be taxable depending on your total annual income.
What documents are required to open a tax-free savings account?,The interest rate for tax-free accounts varies but currently ranges from 3% to 5% annually.
How do I transfer money into my joint savings account?,"To transfer money into a joint account, use your account number and sort code from your online banking."
Is there a minimum deposit for a easy access account?,Required documents for opening a easy access account include a government-issued ID and proof of address.
Can I manage my ISA savings account online?,The interest rate for ISA accounts varies but currently ranges from 3% to 5% annually.
How often is interest paid on joint savings accounts?,Interest from joint accounts may be taxable depending on your total annual income.
What happens if I miss a deposit in my regular account?,Required documents for opening a regular account include a government-issued ID and proof of address.
How can I open a joint savings account?,You can open a joint account online or by visiting a branch with valid ID and proof of address.
What documents are required to open a tax-free savings account?,Required documents for opening a tax-free account include a government-issued ID and proof of address.
What happens if I miss a deposit in my notice-based account?,You can open a notice-based account online or by visiting a branch with valid ID and proof of address.
Can I manage my notice-based savings account online?,The interest rate for notice-based accounts varies but currently ranges from 3% to 5% annually.
What are the tax implications of a monthly savings account?,You can open a monthly savings account online or by visiting a branch with valid ID and proof of address.
How often is interest paid on joint savings accounts?,"To transfer money into a joint account, use your account number and sort code from your online banking."
Can I withdraw money from my fixed deposit savings account early?,"Yes, fixed deposit accounts can be managed via online banking and our mobile app."
What is the interest rate for easy access accounts?,Missing a deposit in a easy access account might reduce your interest or affect account status.
How often is interest paid on tax-free savings accounts?,"The minimum deposit for a tax-free account is typically £100, but this can vary by product."
How can I open a tax-free savings account?,You can open a tax-free account online or by visiting a branch with valid ID and proof of address.
How do I transfer money into my ISA savings account?,"Yes, you can withdraw early, but it may incur penalties or loss of interest in ISA accounts."
Is there a minimum deposit for a ISA account?,"Yes, you can withdraw early, but it may incur penalties or loss of interest in ISA accounts."
What is the interest rate for joint accounts?,"Interest on joint accounts is usually paid monthly or annually, depending on the terms."
count online?,"Interest on junior accounts is usually paid monthly or annually, depending on the terms."
